Node_A,Node_B,Distance,Similarity
Acer_S,Acer_H,0.0,1.0
Chrysophyllum,Gambeya,0.0,1.0
Falcataria,Pseudalbizzia,0.0,1.0
Ricinodendron,Hura,0.0,1.0
Myracrodruon,Astronium,0.0,1.0
Juglans_C,Juglans_N,0.0,1.0
Enterolobium,Robrichia,0.0,1.0
Hymenopus,Hirtella,0.0,1.0
Leptobalanus,Parinariopsis,0.0,1.0
Leptobalanus,Licania,0.0,1.0
Pouteria,Labatia,0.0,1.0
Pouteria,Lucuma,0.0,1.0
Nyssa,Liquidambar,0.0,1.0
Moquilea,Parinariopsis,0.0,1.0
Erythrophleum,Robrichia,0.0,1.0
Afzelia,Albizia,0.0153,0.9847
Robrichia,Inga,0.0155,0.9845
Mespilodaphne,Ocotea,0.0156,0.9844
Neea,Aquilaria,0.0157,0.9843
Calycophyllum,Scottellia,0.0159,0.9841
Bobgunnia,Swartzia,0.029,0.971
Gambeya,Tieghemella,0.0299,0.9701
Dalbergia_D,Dalbergia_S,0.0306,0.9694
Brosimum_U,Gonystylus,0.0311,0.9689
Cordia_L,Aniba,0.0312,0.9688
Platanus,Tilia,0.0312,0.9688
Roseodendron,Trema,0.0312,0.9688
Odyendea,Simarouba,0.0314,0.9686
Populus,Salix,0.0314,0.9686
Frangula,Salix,0.0314,0.9686
Magnolia,Liquidambar,0.0316,0.9684
Aesculus,Arbutus,0.0316,0.9684
Frangula,Liquidambar,0.0316,0.9684
Quercus_R,Quercus_W,0.034,0.966
Machaerium_A,Machaerium_C,0.0412,0.9588
Mezilaurus,Myrocarpus,0.0415,0.9585
Alnus,Carpinus,0.0457,0.9543
Albizia,Amburana,0.0459,0.9541
Entandrophragma,Vouacapoua,0.0462,0.9538
Centrolobium,Myrocarpus,0.0464,0.9536
Roseodendron,Aniba,0.0469,0.9531
Aspidosperma_A,Aspidosperma_B,0.0469,0.9531
Jacaranda,Simarouba,0.0471,0.9529
Magnolia,Liriodendron,0.0474,0.9526
Hymenopus,Licania,0.0478,0.9522
Catalpa,Gymnocladus,0.0558,0.9442
Licaria,Ocotea,0.0576,0.9424
Pterygota,Sterculia_WB,0.0583,0.9417
Symphonia,Ficus,0.0585,0.9415
Pouteria,Lecythis,0.0585,0.9415
Gallesia,Avicennia,0.0612,0.9388
Enterolobium,Falcataria,0.0612,0.9388
Albizia,Robrichia,0.0612,0.9388
Gmelina,Cordia_V,0.0615,0.9385
Ormosia,Inga,0.0622,0.9378
Parkia,Schizolobium,0.0622,0.9378
Pericopsis,Vouacapoua,0.0622,0.9378
Aesculus,Oxydendrum,0.0628,0.9372
Populus,Nyssa,0.0628,0.9372
Ulmus_H,Ulmus_A,0.0633,0.9367
Virola,Bicuiba,0.0635,0.9365
Millettia,Ficus,0.0637,0.9363
Fraxinus,Robinia,0.0639,0.9361
Catalpa,Robinia,0.0651,0.9349
Cedrelinga,Parkia,0.0674,0.9326
Catalpa,Sassafras,0.0698,0.9302
Licaria,Cordia_V,0.0733,0.9267
Pseudalbizzia,Schizolobium,0.0765,0.9235
Ulmus_H,Ulmus_S,0.0766,0.9234
Gambeya,Manilkara,0.0769,0.9231
Platanus,Prunus_S,0.0773,0.9227
Carapa,Khaya,0.0773,0.9227
Brosimum_U,Brosimum_A,0.0777,0.9223
Brosimum_U,Jacaranda,0.0777,0.9223
Nesogordonia,Zanthoxylum_A,0.0781,0.9219
Betula,Alstonia_M,0.0789,0.9211
Morus_A,Gymnocladus,0.0791,0.9209
Cariniana,Diospyros_D,0.0821,0.9179
Ficus,Sterculia_WB,0.0825,0.9175
Millettia,Morus_M,0.0833,0.9167
Celtis_R,Ulmus_A,0.0837,0.9163
Aesculus,Acer_H,0.0872,0.9128
Sassafras,Paulownia,0.0917,0.9083
Afzelia,Cenostigma,0.0918,0.9082
Swietenia,Khaya,0.0923,0.9077
Platymiscium,Zanthoxylum_C,0.0928,0.9072
Machaerium_A,Machaerium_B,0.0933,0.9067
Astronium,Rhizophora,0.0938,0.9062
Betula,Nesogordonia,0.0938,0.9062
Betula,Canarium,0.0942,0.9058
Heritiera,Khaya,0.0979,0.9021
Humiriastrum,Anisoptera,0.099,0.901
Lecythis,Licania,0.1005,0.8995
Ricinodendron,Alstonia_A,0.1014,0.8986
Hura,Ceiba,0.1024,0.8976
Acer_S,Salix,0.1026,0.8974
Turraeanthus,Zanthoxylum_B,0.1026,0.8974
Platanus,Fagus,0.104,0.896
Sextonia,Bicuiba,0.1071,0.8929
Guaiacum,Coulteria,0.1077,0.8923
Prunus_S,Tilia,0.1082,0.8918
Prunus_S,Scottellia,0.1082,0.8918
Astronium,Zanthoxylum_A,0.1094,0.8906
Bursera,Turraeanthus,0.1099,0.8901
Swartzia,Libidibia,0.1106,0.8894
Morus_M,Lophira,0.1111,0.8889
Centrolobium,Cenostigma,0.1122,0.8878
Cedrelinga,Terminalia_C,0.114,0.886
Celtis_R,Gleditsia,0.1145,0.8855
Aesculus,Aspidosperma_B,0.1146,0.8854
Rhizophora,Prunus_D,0.1186,0.8814
Humiriastrum,Sextonia,0.1224,0.8776
Calycophyllum,Zanthoxylum_A,0.125,0.875
Rhizophora,Vatica,0.125,0.875
Ormosia,Vouacapoua,0.1295,0.8705
Aspidosperma_B,Tilia,0.1302,0.8698
Sterculia_N,Sterculia_WB,0.1359,0.8641
Millettia,Erisma,0.1373,0.8627
Bursera,Quararibea,0.1373,0.8627
Myracrodruon,Coulteria,0.1385,0.8615
Eucalyptus,Pentaclethra,0.1385,0.8615
Tieghemella,Licania,0.1388,0.8612
Platymiscium,Guaiacum,0.1399,0.8601
Humiriastrum,Scottellia,0.1406,0.8594
Alnus,Fagus,0.1436,0.8564
Eucalyptus,Zanthoxylum_C,0.1443,0.8557
Celtis_R,Ulmus_H,0.1454,0.8546
Gonystylus,Tabebuia,0.1463,0.8537
Gleditsia,Gymnocladus,0.1475,0.8525
Sextonia,Nauclea,0.148,0.852
Jacaranda,Cleistopholis,0.1485,0.8515
Parinari,Licania,0.1579,0.8421
Ostrya,Carpinus,0.1582,0.8418
Guarea,Cariniana,0.161,0.839
Brosimum_A,Tabebuia,0.161,0.839
Terminalia_A,Pericopsis,0.1641,0.8359
Cedrela,Ceiba,0.1642,0.8358
Entandrophragma,Lophira,0.1691,0.8309
Mitragyna,Cariniana,0.1707,0.8293
Caesalpinia,Bicuiba,0.1735,0.8265
Asimina,Morus_A,0.1741,0.8259
Dialium,Terminalia_B,0.1748,0.8252
Machaerium_C,Vochysia,0.175,0.825
Dipterocarpus,Handroanthus,0.1753,0.8247
Humiriastrum,Prunus_D,0.1753,0.8247
Tabebuia,Dipteryx,0.1756,0.8244
Caryocar,Hura,0.1756,0.8244
Machaerium_B,Swartzia,0.1756,0.8244
Casuarina,Curatella,0.18,0.82
Guaiacum,Guibourtia,0.1804,0.8196
Machaerium_C,Pterocarpus,0.1818,0.8182
Odyendea,Dialium,0.1845,0.8155
Cladrastis,Morus_A,0.1857,0.8143
Dipterocarpus,Dipteryx,0.1888,0.8112
Sassafras,Asimina,0.192,0.808
Cedrela,Diospyros_S,0.1932,0.8068
Bobgunnia,Machaerium_B,0.1932,0.8068
Casuarina,Carpinus,0.195,0.805
Machaerium_B,Vochysia,0.195,0.805
Machaerium_A,Symphonia,0.1951,0.8049
Celtis_D,Erisma,0.1961,0.8039
Quararibea,Carpinus,0.1961,0.8039
Eucalyptus,Calophyllum,0.1962,0.8038
Dalbergia_S,Libidibia,0.1971,0.8029
Rubroshorea,Dipterocarpus,0.1981,0.8019
Cordia_L,Rubroshorea,0.1981,0.8019
Swietenia,Copaifera,0.2,0.8
Sterculia_WB,Grevillea,0.2047,0.7953
Chrysolepis,Rhamnus,0.205,0.795
Ocotea,Copaifera,0.2143,0.7857
Maclura,Robinia,0.2153,0.7847
Curatella,Quercus_L,0.216,0.784
Leplaea,Terminalia_B,0.2206,0.7794
Guarea,Terminalia_B,0.2206,0.7794
Manilkara,Terminalia_B,0.226,0.774
Alstonia_A,Zanthoxylum_B,0.2271,0.7729
Gallesia,Neea,0.241,0.759
Carya,Hura,0.2553,0.7447
Quercus_W,Castanea,0.2596,0.7404
Quercus_R,Quercus_L,0.262,0.738
Carya,Juglans_C,0.2638,0.7362
Chrysolepis,Quercus_W,0.2723,0.7277
Gallesia,Ficus,0.2723,0.7277
Tectona,Juglans_N,0.2817,0.7183
Maclura,Castanea,0.2955,0.7045
Fraxinus,Juglans_N,0.3288,0.6712
